Workbook

Sheet Summary
A1: ParaBank JMeter results – Group 35 (Task 2)
A2: Blue = values typed from JMeter Aggregate Report TOTAL row. Yellow = still to fill after each run. Black = formulas.
A4: Metric | B4: 1 user (TG1) | C4: 10 users (TG2) | D4: 20 users (TG3) | E4: 50 users (TG4) | F4: Unit
A5: Samples | B5: ='TG1 per request'!B14 -> 84 | C5: 3156 | D5: 6742 | E5: 16712 | F5: count
A6: Average | B6: ='TG1 per request'!C15 -> 205 | C6: 14 | D6: 13 | E6: 11 | F6: ms
A7: Median | B7: ='TG1 per request'!D14 -> 202 | C7: 9 | D7: 9 | E7: 9 | F7: ms
A8: Min | B8: ='TG1 per request'!H14 -> 192 | C8: 5 | D8: 5 | E8: 5 | F8: ms
A9: Max | B9: ='TG1 per request'!I14 -> 270 | C9: 345 | D9: 630 | E9: 616 | F9: ms
A10: 95th percentile | B10: ='TG1 per request'!F14 -> 227 | C10: 19 | D10: 20 | E10: 14 | F10: ms
A11: Error % | B11: ='TG1 per request'!J14 -> 0 | C11: 0.9718 | D11: 0.9855 | E11: 0.9942 | F11: %
A12: Throughput | B12: 4.2 | C12: 160.1 | D12: 342 | E12: 842.6 | F12: req/s
A13: Run date/time | B13: 15/10/2026 ~15:40 | C13: 15/10/2026 ~15:57 | D13: 15/10/2026 ~16:05 | E13: 15/10/2026 ~16:12 | F13: AEDT
A15: Change vs 1 user
A16: Metric | C16: 10 users | D16: 20 users | E16: 50 users
A17: Average (×) | C17: =IFERROR(C6/$B$6,"") -> 0.068292683 | D17: =IFERROR(D6/$B$6,"") -> 0.063414634 | E17: =IFERROR(E6/$B$6,"") -> 0.053658537
A18: 95th percentile (×) | C18: =IFERROR(C10/$B$10,"") -> 0.083700441 | D18: =IFERROR(D10/$B$10,"") -> 0.088105727 | E18: =IFERROR(E10/$B$10,"") -> 0.061674009
A19: Throughput (×) | C19: =IFERROR(C12/$B$12,"") -> 38.119048 | D19: =IFERROR(D12/$B$12,"") -> 81.428571 | E19: =IFERROR(E12/$B$12,"") -> 200.61905
A20: Error % change (pts) | C20: =IF(C11="","",C11-$B$11) -> 0.9718 | D20: =IF(D11="","",D11-$B$11) -> 0.9855 | E20: =IF(E11="","",E11-$B$11) -> 0.9942
A23: Praneeth's trial runs (12–13 Oct) – for comparison only
A24: Users | B24: Samples | C24: Error % | D24: Avg ms | E24: Median | F24: 95th | G24: Max | H24: Throughput /s
A25: 1 | B25: 74 | C25: 0 | D25: 237 | E25: 234 | F25: 271 | G25: 354 | H25: 3.7
A26: 10 | B26: 1761 | C26: 0.9512 | D26: 54 | E26: 40 | F26: 136 | G26: 666 | H26: 89.3
A27: 20 | B27: 3780 | C27: 0.9738 | D27: 47 | E27: 39 | F27: 65 | G27: 861 | H27: 191.5
A28: 50 | B28: 9183 | C28: 0.9898 | D28: 48 | E28: 41 | F28: 75 | G28: 582 | H28: 464.9
A29: Source: Praneeth's handover message (trial runs, each TG run separately with setUp). At 10+ users most samples were fast HTTP 429 (Too Many Requests) rejections, so Avg/Throughput there reflect Cloudflare, not ParaBank.

Sheet TG1 per request
A1: TG1 – 1 user, Aggregate Report (GUI run, 15 Oct 2026)
A2: Typed from the Aggregate Report screenshot. Labels were cut off on screen, so request names assume rows appear in plan order – check against your screenshot after widening the Label column.
A3: Label | B3: # Samples | C3: Average (ms) | D3: Median (ms) | E3: 90% Line | F3: 95% Line | G3: 99% Line | H3: Min (ms) | I3: Max (ms) | J3: Error % | K3: Throughput (/min) | L3: Received KB/s | M3: Sent KB/s
A4: 01 - Home Page | B4: 9 | C4: 215 | D4: 207 | E4: 253 | F4: 270 | G4: 270 | H4: 196 | I4: 270 | J4: 0 | K4: 28.2 | L4: 2.8 | M4: 0.06
A5: 02 - Login | B5: 9 | C5: 200 | D5: 200 | E5: 204 | F5: 205 | G5: 205 | H5: 197 | I5: 205 | J5: 0 | K5: 28.2 | L5: 0.14 | M5: 0.15
A6: 03 - Accounts Overview | B6: 9 | C6: 203 | D6: 201 | E6: 209 | F6: 222 | G6: 222 | H6: 196 | I6: 222 | J6: 0 | K6: 28.2 | L6: 2.82 | M6: 0.09
A7: 03b - Get Accounts (XHR) | B7: 9 | C7: 202 | D7: 199 | E7: 203 | F7: 227 | G7: 227 | H7: 196 | I7: 227 | J7: 0 | K7: 28.2 | L7: 0.17 | M7: 0.12
A8: 04 - Account Details | B8: 8 | C8: 206 | D8: 205 | E8: 212 | F8: 222 | G8: 222 | H8: 199 | I8: 222 | J8: 0 | K8: 28.8 | L8: 4.56 | M8: 0.09
A9: 04b - Get Account Details (XHR) | B9: 8 | C9: 207 | D9: 201 | E9: 218 | F9: 242 | G9: 242 | H9: 195 | I9: 242 | J9: 0 | K9: 28.8 | L9: 0.14 | M9: 0.12
A10: 05 - Transfer Funds Page | B10: 8 | C10: 202 | D10: 203 | E10: 204 | F10: 206 | G10: 206 | H10: 198 | I10: 206 | J10: 0 | K10: 28.8 | L10: 3.81 | M10: 0.09
A11: 05b - Transfer Funds (XHR) | B11: 8 | C11: 205 | D11: 201 | E11: 218 | F11: 223 | G11: 223 | H11: 197 | I11: 223 | J11: 0 | K11: 28.8 | L11: 0.14 | M11: 0.16
A12: 06 - View Transactions (XHR) | B12: 8 | C12: 209 | D12: 201 | E12: 225 | F12: 245 | G12: 245 | H12: 198 | I12: 245 | J12: 0 | K12: 28.8 | L12: 0.42 | M12: 0.13
A13: 07 - Logout | B13: 8 | C13: 199 | D13: 195 | E13: 205 | F13: 217 | G13: 217 | H13: 192 | I13: 217 | J13: 0 | K13: 28.8 | L13: 0.18 | M13: 0.09
A14: TOTAL (JMeter) | B14: 84 | C14: 205 | D14: 202 | E14: 222 | F14: 227 | G14: 253 | H14: 192 | I14: 270 | J14: 0 | K14: 4.2/sec | L14: 13.54 | M14: 0.98
A15: Check (formulas) | B15: =SUM(B4:B13) -> 84 | C15: =ROUND(SUMPRODUCT(B4:B13,C4:C13)/B15,0) -> 205 | H15: =MIN(H4:H13) -> 192 | I15: =MAX(I4:I13) -> 270 | J15: =SUMPRODUCT(B4:B13,J4:J13)/B15 -> 0
A17: Percentiles (Median, 90/95/99%) cannot be recomputed from per-request rows, so the Summary uses JMeter's TOTAL row for those. Average uses the sample-weighted formula in C15.

Sheet Run checklist
A1: Evidence checklist – per load
A2: Set Status with the dropdown. Wait 5–10 min between runs so Cloudflare's rate limit resets.
A3: Load | B3: Step | C3: Save as | D3: Status
A4: TG1 | B4: Aggregate Report screenshot (widen Label column first) | C4: TG1-aggregate.png | D4: To do
A5: TG1 | B5: Save Table Data from Aggregate Report | C5: results/TG1-aggregate.csv | D5: To do
A6: TG1 | B6: View Results Tree → 02 - Login → Request → Request Headers | C6: TG1-request-headers.png | D6: To do
A7: TG1 | B7: View Results Tree → 02 - Login → Response data → Response headers | C7: TG1-response-headers.png | D7: To do
A8: TG2 | B8: Aggregate Report screenshot (widen Label column first) | C8: TG2-aggregate.png | D8: To do
A9: TG2 | B9: Save Table Data from Aggregate Report | C9: results/TG2-aggregate.csv | D9: To do
A10: TG2 | B10: View Results Tree → 02 - Login → Request → Request Headers | C10: TG2-request-headers.png | D10: To do
A11: TG2 | B11: View Results Tree → 02 - Login → Response data → Response headers | C11: TG2-response-headers.png | D11: To do
A12: TG3 | B12: Aggregate Report screenshot (widen Label column first) | C12: TG3-aggregate.png | D12: To do
A13: TG3 | B13: Save Table Data from Aggregate Report | C13: results/TG3-aggregate.csv | D13: To do
A14: TG3 | B14: View Results Tree → 02 - Login → Request → Request Headers | C14: TG3-request-headers.png | D14: To do
... A19: TG4 | B19: View Results Tree → 02 - Login → Response data → Response headers | C19: TG4-response-headers.png | D19: To do
A21: Before each new load: enable that TG, disable the others, keep setUp enabled, click the broom (Clear All), then ▶.
A22: Before committing: run git checkout JMeter/jmeterplan-35.jmx so the plan isn't committed with groups disabled.

Sheet TG2 per request
A1: TG2 – 10 users, Aggregate Report (GUI run, 15 Oct 2026)
A2: Typed from the Aggregate Report screenshot. Labels were cut off on screen, so request names assume rows appear in plan order – check against your screenshot after widening the Label column.
A3: Label | B3: # Samples | C3: Average (ms) | D3: Median (ms) | E3: 90% Line | F3: 95% Line | G3: 99% Line | H3: Min (ms) | I3: Max (ms) | J3: Error % | K3: Throughput (/sec) | L3: Received KB/s | M3: Sent KB/s
A4: 01 - Home Page | B4: 317 | C4: 18 | D4: 9 | E4: 16 | F4: 28 | G4: 239 | H4: 6 | I4: 294 | J4: 0.9621 | K4: 16.1 | L4: 10.77 | M4: 2.15
A5: 02 - Login | B5: 317 | C5: 16 | D5: 9 | E5: 13 | F5: 27 | G5: 199 | H5: 6 | I5: 214 | J5: 0.9653 | K5: 16.3 | L5: 7.41 | M5: 4.29
A6: 03 - Accounts Overview | B6: 316 | C6: 15 | D6: 9 | E6: 12 | F6: 15 | G6: 195 | H6: 5 | I6: 236 | J6: 0.9684 | K6: 16.4 | L6: 10.44 | M6: 2.28
A7: 03b - Get Accounts (XHR) | B7: 316 | C7: 15 | D7: 9 | E7: 12 | F7: 19 | G7: 192 | H7: 5 | I7: 197 | J7: 0.9684 | K7: 16.6 | L7: 7.59 | M7: 3.49
A8: 04 - Account Details | B8: 315 | C8: 14 | D8: 9 | E8: 11 | F8: 16 | G8: 200 | H8: 6 | I8: 204 | J8: 0.9714 | K8: 16.8 | L8: 12.11 | M8: 2.63
A9: 04b - Get Account Details (XHR) | B9: 315 | C9: 14 | D9: 8 | E9: 11 | F9: 13 | G9: 198 | H9: 5 | I9: 206 | J9: 0.9714 | K9: 17 | L9: 7.76 | M9: 3.7
A10: 05 - Transfer Funds Page | B10: 315 | C10: 14 | D10: 8 | E10: 12 | F10: 19 | G10: 199 | H10: 5 | I10: 216 | J10: 0.9746 | K10: 17.2 | L10: 11.18 | M10: 2.38
A11: 05b - Transfer Funds (XHR) | B11: 315 | C11: 13 | D11: 9 | E11: 11 | F11: 12 | G11: 195 | H11: 6 | I11: 217 | J11: 0.9778 | K11: 17.4 | L11: 7.94 | M11: 5.18
A12: 06 - View Transactions (XHR) | B12: 315 | C12: 13 | D12: 8 | E12: 11 | F12: 14 | G12: 193 | H12: 5 | I12: 345 | J12: 0.9778 | K12: 17.6 | L12: 8.23 | M12: 3.95
A13: 07 - Logout | B13: 315 | C13: 13 | D13: 8 | E13: 12 | F13: 16 | G13: 190 | H13: 6 | I13: 193 | J13: 0.981 | K13: 17.7 | L13: 8.15 | M13: 2.42
A14: TOTAL (JMeter) | B14: 3156 | C14: 14 | D14: 9 | E14: 12 | F14: 19 | G14: 197 | H14: 5 | I14: 345 | J14: 0.9718 | K14: 160.1/sec | L14: 86.94 | M14: 30.73
A15: Check (formulas) | B15: =SUM(B4:B13) -> 3156 | C15: =ROUND(SUMPRODUCT(B4:B13,C4:C13)/B15,0) -> 15 | H15: =MIN(H4:H13) -> 5 | I15: =MAX(I4:I13) -> 345 | J15: =SUMPRODUCT(B4:B13,J4:J13)/B15 -> 0.97180754
A17: Percentiles (Median, 90/95/99%) cannot be recomputed from per-request rows, so the Summary uses JMeter's TOTAL row for those. Average uses the sample-weighted formula in C15.

Sheet TG3 per request
A1: TG3 – 20 users, Aggregate Report (GUI run, 15 Oct 2026)
A2: Typed from the Aggregate Report screenshot. Labels were cut off on screen, so request names assume rows appear in plan order – check against your screenshot after widening the Label column.
A3: Label | B3: # Samples | C3: Average (ms) | D3: Median (ms) | E3: 90% Line | F3: 95% Line | G3: 99% Line | H3: Min (ms) | I3: Max (ms) | J3: Error % | K3: Throughput (/sec) | L3: Received KB/s | M3: Sent KB/s
A4: 01 - Home Page | B4: 676 | C4: 16 | D4: 10 | E4: 17 | F4: 29 | G4: 244 | H4: 6 | I4: 630 | J4: 0.9808 | K4: 34.3 | L4: 19.46 | M4: 4.59
A5: 02 - Login | B5: 676 | C5: 13 | D5: 9 | E5: 15 | F5: 20 | G5: 203 | H5: 5 | I5: 219 | J5: 0.9822 | K5: 34.8 | L5: 15.93 | M5: 9.14
A6: 03 - Accounts Overview | B6: 675 | C6: 13 | D6: 9 | E6: 14 | F6: 17 | G6: 203 | H6: 5 | I6: 216 | J6: 0.9837 | K6: 35.1 | L6: 19.35 | M6: 4.84
A7: 03b - Get Accounts (XHR) | B7: 675 | C7: 13 | D7: 9 | E7: 15 | F7: 20 | G7: 203 | H7: 6 | I7: 226 | J7: 0.9837 | K7: 35.5 | L7: 16.31 | M7: 7.45
A8: 04 - Account Details | B8: 675 | C8: 13 | D8: 9 | E8: 15 | F8: 21 | G8: 203 | H8: 5 | I8: 220 | J8: 0.9837 | K8: 35.9 | L8: 21.82 | M8: 5.56
A9: 04b - Get Account Details (XHR) | B9: 673 | C9: 13 | D9: 9 | E9: 16 | F9: 22 | G9: 197 | H9: 5 | I9: 219 | J9: 0.9866 | K9: 36.3 | L9: 16.66 | M9: 7.87
A10: 05 - Transfer Funds Page | B10: 673 | C10: 13 | D10: 9 | E10: 15 | F10: 20 | G10: 199 | H10: 6 | I10: 216 | J10: 0.9866 | K10: 36.7 | L10: 20.58 | M10: 5.05
A11: 05b - Transfer Funds (XHR) | B11: 673 | C11: 12 | D11: 9 | E11: 15 | F11: 17 | G11: 201 | H11: 6 | I11: 222 | J11: 0.9881 | K11: 37.1 | L11: 17.04 | M11: 11.05
A12: 06 - View Transactions (XHR) | B12: 673 | C12: 12 | D12: 9 | E12: 15 | F12: 19 | G12: 195 | H12: 5 | I12: 224 | J12: 0.9896 | K12: 37.5 | L12: 17.45 | M12: 8.43
A13: 07 - Logout | B13: 673 | C13: 12 | D13: 9 | E13: 15 | F13: 19 | G13: 61 | H13: 6 | I13: 208 | J13: 0.9896 | K13: 38 | L13: 17.47 | M13: 5.15
A14: TOTAL (JMeter) | B14: 6742 | C14: 13 | D14: 9 | E14: 15 | F14: 20 | G14: 202 | H14: 5 | I14: 630 | J14: 0.9855 | K14: 342.0/sec | L14: 172.64 | M14: 65.37
A15: Check (formulas) | B15: =SUM(B4:B13) -> 6742 | C15: =ROUND(SUMPRODUCT(B4:B13,C4:C13)/B15,0) -> 13 | H15: =MIN(H4:H13) -> 5 | I15: =MAX(I4:I13) -> 630 | J15: =SUMPRODUCT(B4:B13,J4:J13)/B15 -> 0.98545491
A17: Percentiles (Median, 90/95/99%) cannot be recomputed from per-request rows, so the Summary uses JMeter's TOTAL row for those. Average uses the sample-weighted formula in C15.

Sheet TG4 per request
A1: TG4 – 50 users, Aggregate Report (GUI run, 15 Oct 2026)
A2: Typed from the Aggregate Report screenshot. Labels were cut off on screen, so request names assume rows appear in plan order – check against your screenshot after widening the Label column.
A3: Label | B3: # Samples | C3: Average (ms) | D3: Median (ms) | E3: 90% Line | F3: 95% Line | G3: 99% Line | H3: Min (ms) | I3: Max (ms) | J3: Error % | K3: Throughput (/sec) | L3: Received KB/s | M3: Sent KB/s
A4: 01 - Home Page | B4: 1680 | C4: 14 | D4: 9 | E4: 15 | F4: 28 | G4: 195 | H4: 6 | I4: 616 | J4: 0.9905 | K4: 85.3 | L4: 43.82 | M4: 11.42
A5: 02 - Login | B5: 1680 | C5: 11 | D5: 9 | E5: 13 | F5: 14 | G5: 49 | H5: 6 | I5: 218 | J5: 0.9911 | K5: 86.4 | L5: 39.69 | M5: 22.65
A6: 03 - Accounts Overview | B6: 1680 | C6: 11 | D6: 9 | E6: 12 | F6: 15 | G6: 24 | H6: 6 | I6: 218 | J6: 0.9929 | K6: 87.2 | L6: 43.65 | M6: 11.97
A7: 03b - Get Accounts (XHR) | B7: 1680 | C7: 11 | D7: 9 | E7: 13 | F7: 17 | G7: 23 | H7: 5 | I7: 221 | J7: 0.9935 | K7: 88.1 | L7: 40.55 | M7: 18.44
A8: 04 - Account Details | B8: 1676 | C8: 11 | D8: 9 | E8: 13 | F8: 14 | G8: 21 | H8: 6 | I8: 212 | J8: 0.994 | K8: 88.8 | L8: 45.71 | M8: 13.73
A9: 04b - Get Account Details (XHR) | B9: 1671 | C9: 10 | D9: 9 | E9: 13 | F9: 14 | G9: 20 | H9: 6 | I9: 224 | J9: 0.9946 | K9: 88.9 | L9: 40.89 | M9: 19.22
A10: 05 - Transfer Funds Page | B10: 1667 | C10: 10 | D10: 9 | E10: 12 | F10: 13 | G10: 21 | H10: 6 | I10: 215 | J10: 0.9952 | K10: 90.1 | L10: 44.76 | M10: 12.36
A11: 05b - Transfer Funds (XHR) | B11: 1663 | C11: 10 | D11: 9 | E11: 12 | F11: 13 | G11: 20 | H11: 6 | I11: 229 | J11: 0.9958 | K11: 90.9 | L11: 41.85 | M11: 27.03
A12: 06 - View Transactions (XHR) | B12: 1659 | C12: 10 | D12: 9 | E12: 12 | F12: 13 | G12: 21 | H12: 6 | I12: 225 | J12: 0.997 | K12: 91.7 | L12: 42.38 | M12: 20.56
A13: 07 - Logout | B13: 1656 | C13: 9 | D13: 9 | E13: 11 | F13: 13 | G13: 16 | H13: 5 | I13: 224 | J13: 0.9976 | K13: 92.5 | L13: 42.64 | M13: 12.52
A14: TOTAL (JMeter) | B14: 16712 | C14: 11 | D14: 9 | E14: 12 | F14: 14 | G14: 45 | H14: 5 | I14: 616 | J14: 0.9942 | K14: 842.6/sec | L14: 403.53 | M14: 160.7
A15: Check (formulas) | B15: =SUM(B4:B13) -> 16712 | C15: =ROUND(SUMPRODUCT(B4:B13,C4:C13)/B15,0) -> 11 | H15: =MIN(H4:H13) -> 5 | I15: =MAX(I4:I13) -> 616 | J15: =SUMPRODUCT(B4:B13,J4:J13)/B15 -> 0.99420913
A17: Percentiles (Median, 90/95/99%) cannot be recomputed from per-request rows, so the Summary uses JMeter's TOTAL row for those. Average uses the sample-weighted formula in C15.
